crim,zn,indus,chas,nox,rm,age,dis,rad,tax,ptratio,b,lstat,SalePrice,Tax_per_Room,Lower_Income_Impact,Distance_Index
0.00632,18.0,2.31,0,0.538,6.575,65.2,4.09,1,296,15.3,396.9,4.98,24.0,45.01901140684411,32.743500000000004,0.19646365422396858
0.02731,0.0,7.07,0,0.469,6.421,78.9,4.9671,2,242,17.8,396.9,9.14,21.6,37.68883351502881,58.687940000000005,0.16758559434231032
0.02729,0.0,7.07,0,0.469,7.185,61.1,4.9671,2,242,17.8,392.83,4.03,34.7,33.6812804453723,28.95555,0.16758559434231032
0.03237,0.0,2.18,0,0.458,6.998,45.8,6.0622,3,222,18.7,394.63,2.94,33.4,31.723349528436696,20.57412,0.14159893517600747
0.06905,0.0,2.18,0,0.458,7.147,54.2,6.0622,3,222,18.7,396.9,5.33,36.2,31.061984049251432,38.09351,0.14159893517600747
0.02985,0.0,2.18,0,0.458,6.43,58.7,6.0622,3,222,18.7,394.12,5.21,28.7,34.52566096423017,33.500299999999996,0.14159893517600747
0.08829,12.5,7.87,0,0.524,6.012,66.6,5.5605,5,311,15.2,395.6,12.43,22.9,51.72987358616101,74.72916,0.1524274064476793
0.14455,12.5,7.87,0,0.524,6.172,96.1,5.9505,5,311,15.2,396.9,19.15,27.1,50.38885288399223,118.19379999999998,0.1438745413998993
0.21124,12.5,7.87,0,0.524,5.631,100.0,6.0821,5,311,15.2,386.63,29.93,16.5,55.22997691351447,168.53583,0.14120105618390028
0.17004,12.5,7.87,0,0.524,6.004,85.9,6.5921,5,311,15.2,386.71,17.1,18.9,51.798800799467024,102.6684,0.13171586254132583
0.22489,12.5,7.87,0,0.524,6.377,94.3,6.3467,5,311,15.2,392.52,20.45,15.0,48.76901364277874,130.40965,0.13611553486599426
0.11747,12.5,7.87,0,0.524,6.009,82.9,6.2267,5,311,15.2,396.9,13.27,18.9,51.755699783657846,79.73943,0.13837574549932888
0.09378,12.5,7.87,0,0.524,5.889,39.0,5.4509,5,311,15.2,390.5,15.71,21.7,52.81032433350314,92.51619000000001,0.1550171293927979
0.62976,0.0,8.14,0,0.538,5.949,61.8,4.7075,4,307,21.0,396.9,8.26,20.4,51.605311817112124,49.13874,0.17520805957074026
0.63796,0.0,8.14,0,0.538,6.096,84.5,4.4619,4,307,21.0,380.02,10.26,18.2,50.36089238845144,62.544959999999996,0.18308647174060308
0.62739,0.0,8.14,0,0.538,5.834,56.5,4.4986,4,307,21.0,395.62,8.47,19.9,52.62255742200892,49.41398,0.18186447459353292
1.05393,0.0,8.14,0,0.538,5.935,29.3,4.4986,4,307,21.0,386.85,6.58,23.1,51.72704296545914,39.052299999999995,0.18186447459353292
0.7842,0.0,8.14,0,0.538,5.99,81.7,4.2579,4,307,21.0,386.75,14.67,17.5,51.25208681135225,87.8733,0.19018999980981
0.80271,0.0,8.14,0,0.538,5.456,36.6,3.7965,4,307,21.0,288.99,11.69,20.2,56.2683284457478,63.780640000000005,0.20848535390388825
0.7258,0.0,8.14,0,0.538,5.727,69.5,3.7965,4,307,21.0,390.95,11.28,18.2,53.6057272568535,64.60056,0.20848535390388825
1.25179,0.0,8.14,0,0.538,5.57,98.1,3.7979,4,307,21.0,376.57,21.02,13.6,55.11669658886894,117.0814,0.20842451906042225
0.85204,0.0,8.14,0,0.538,5.965,89.2,4.0123,4,307,21.0,392.53,13.83,19.6,51.46689019279128,82.49595,0.1995092073499192
1.23247,0.0,8.14,0,0.538,6.142,91.7,3.9769,4,307,21.0,396.9,18.72,15.2,49.98371865841745,114.97824,0.20092828869376517
0.98843,0.0,8.14,0,0.538,5.813,100.0,4.0952,4,307,21.0,394.54,19.88,14.5,52.81266127644934,115.56244,0.19626314963102529
0.75026,0.0,8.14,0,0.538,5.924,94.1,4.3996,4,307,21.0,394.33,16.3,15.6,51.823092505064146,96.56120000000001,0.18519890362249053
0.84054,0.0,8.14,0,0.538,5.599,85.7,4.4546,4,307,21.0,303.42,16.51,13.9,54.83121986068941,92.43949,0.18333150001833315
0.67191,0.0,8.14,0,0.538,5.813,90.3,4.682,4,307,21.0,376.88,14.81,16.6,52.81266127644934,86.09053,0.1759943681802182
0.95577,0.0,8.14,0,0.538,6.047,88.8,4.4534,4,307,21.0,306.38,17.28,14.8,50.76897635191004,104.49216,0.18337184142003154
0.77299,0.0,8.14,0,0.538,6.495,94.4,4.4547,4,307,21.0,387.94,12.8,18.4,47.2671285604311,83.13600000000001,0.18332813903606066
1.00245,0.0,8.14,0,0.538,6.674,87.3,4.239,4,307,21.0,380.23,11.98,21.0,45.9994006592748,79.95452,0.19087612139721322
1.13081,0.0,8.14,0,0.538,5.713,94.1,4.233,4,307,21.0,360.17,22.6,12.7,53.73709084544022,129.1138,0.1910949742021785
1.35472,0.0,8.14,0,0.538,6.072,100.0,4.175,4,307,21.0,376.73,13.04,14.5,50.559947299077734,79.17887999999999,0.1932367149758454
1.38799,0.0,8.14,0,0.538,5.95,82.0,3.99,4,307,21.0,232.6,27.71,13.2,51.596638655462186,164.8745,0.2004008016032064
1.15172,0.0,8.14,0,0.538,5.701,95.0,3.7872,4,307,21.0,358.77,18.35,13.1,53.85020171899667,104.61335,0.20889037433155078
1.61282,0.0,8.14,0,0.538,6.096,96.9,3.7598,4,307,21.0,248.31,20.34,13.5,50.36089238845144,123.99264,0.2100928610445817
0.06417,0.0,5.96,0,0.499,5.933,68.2,3.3603,5,279,19.2,396.9,9.68,18.9,47.02511377043654,57.431439999999995,0.22934201775107216
0.09744,0.0,5.96,0,0.499,5.841,61.4,3.3779,5,279,19.2,377.56,11.41,20.0,47.76579352850539,66.64581,0.22842001873044152
0.08014,0.0,5.96,0,0.499,5.85,41.5,3.9342,5,279,19.2,396.9,8.77,21.0,47.69230769230769,51.3045,0.20266709902314456
0.17505,0.0,5.96,0,0.499,5.966,30.2,3.8473,5,279,19.2,393.43,10.13,24.7,46.765001676164935,60.43558000000001,0.20630041466383345
0.02763,75.0,2.95,0,0.428,6.595,21.8,5.4011,3,252,18.3,395.63,4.32,30.8,38.21076573161486,28.4904,0.1562231491462405
0.03359,75.0,2.95,0,0.428,7.024,15.8,5.4011,3,252,18.3,395.62,1.98,34.9,35.876993166287015,13.90752,0.1562231491462405
0.12744,0.0,6.91,0,0.448,6.77,2.9,5.7209,3,233,17.9,385.41,4.84,26.6,34.416543574593796,32.766799999999996,0.14878959663140354
0.1415,0.0,6.91,0,0.448,6.169,6.6,5.7209,3,233,17.9,383.37,5.81,25.3,37.769492624412386,35.84188999999999,0.14878959663140354
0.15936,0.0,6.91,0,0.448,6.211,6.5,5.7209,3,233,17.9,394.46,7.44,24.7,37.51408790854935,46.20984000000001,0.14878959663140354
0.12269,0.0,6.91,0,0.448,6.069,40.0,5.7209,3,233,17.9,389.39,9.55,21.2,38.39182731916296,57.95895,0.14878959663140354
0.17142,0.0,6.91,0,0.448,5.682,33.8,5.1004,3,233,17.9,396.9,10.21,19.3,41.00668778599085,58.01322000000001,0.1639236771359255
0.18836,0.0,6.91,0,0.448,5.786,33.3,5.1004,3,233,17.9,396.9,14.15,20.0,40.269616315243695,81.8719,0.1639236771359255
0.22927,0.0,6.91,0,0.448,6.03,85.5,5.6894,3,233,17.9,392.74,18.8,16.6,38.640132669983416,113.364,0.14949023828743982
0.25387,0.0,6.91,0,0.448,5.399,95.3,5.87,3,233,17.9,396.9,30.81,14.4,43.156140025930725,166.34319,0.14556040756914118
0.21977,0.0,6.91,0,0.448,5.602,62.0,6.0877,3,233,17.9,396.9,16.2,19.4,41.59228846840414,90.7524,0.1410894930654514
0.08873,21.0,5.64,0,0.439,5.963,45.7,6.8147,4,243,16.8,395.56,13.45,19.7,40.75129968136844,80.20235,0.12796396534735818
0.04337,21.0,5.64,0,0.439,6.115,63.0,6.8147,4,243,16.8,393.97,9.43,20.5,39.73834832379395,57.66445,0.12796396534735818
0.0536,21.0,5.64,0,0.439,6.511,21.1,6.8147,4,243,16.8,396.9,5.28,25.0,37.32145599754262,34.378080000000004,0.12796396534735818
0.04981,21.0,5.64,0,0.439,5.998,21.4,6.8147,4,243,16.8,396.9,8.43,23.4,40.5135045015005,50.56314,0.12796396534735818
0.0136,75.0,4.0,0,0.41,5.888,47.6,7.3197,3,469,21.1,396.9,14.8,18.9,79.65353260869566,87.14240000000001,0.12019664170583072
0.01311,90.0,1.22,0,0.403,7.249,21.9,8.6966,5,226,17.9,395.93,4.81,35.4,31.176714029521314,34.867689999999996,0.10312893179052451
0.02055,85.0,0.74,0,0.41,6.383,35.7,9.1876,2,313,17.3,396.9,5.77,24.7,49.03650321165596,36.82991,0.09815854568298717
0.01432,100.0,1.32,0,0.411,6.816,40.5,8.3248,5,256,15.1,392.9,3.95,31.6,37.55868544600939,26.9232,0.10724090597117365
0.15445,25.0,5.13,0,0.453,6.145,29.2,7.8148,8,284,19.7,390.68,6.86,23.3,46.21643612693247,42.1547,0.11344556881608205
0.10328,25.0,5.13,0,0.453,5.927,47.2,6.932,8,284,19.7,396.9,9.22,19.6,47.91631516787582,54.64694,0.12607160867372666
0.14932,25.0,5.13,0,0.453,5.741,66.2,7.2254,8,284,19.7,395.11,13.15,18.7,49.46873367009232,75.49414999999999,0.12157463466822281
0.17171,25.0,5.13,0,0.453,5.966,93.4,6.8185,8,284,19.7,378.08,14.44,16.0,47.60308414347972,86.14904,0.12790177143953443
0.11027,25.0,5.13,0,0.453,6.456,67.8,7.2255,8,284,19.7,396.9,6.73,22.2,43.99008674101611,43.44888,0.12157315664701233
0.1265,25.0,5.13,0,0.453,6.762,43.4,7.9809,8,284,19.7,395.58,9.5,25.0,41.99940845903579,64.23899999999999,0.11134741506975915
0.01951,17.5,1.38,0,0.4161,7.104,59.5,9.2229,3,216,18.6,393.24,8.05,33.0,30.405405405405403,57.187200000000004,0.09781960109166675
0.03584,80.0,3.37,0,0.398,6.29,17.8,6.6115,4,337,16.1,396.9,4.67,23.5,53.57710651828299,29.374299999999998,0.13138014845956775
0.04379,80.0,3.37,0,0.398,5.787,31.1,6.6115,4,337,16.1,396.9,10.24,19.4,58.233972697425266,59.25888,0.13138014845956775
0.05789,12.5,6.07,0,0.409,5.878,21.4,6.498,4,345,18.9,396.21,8.1,22.0,58.693433140523986,47.6118,0.13336889837289945
0.13554,12.5,6.07,0,0.409,5.594,36.8,6.498,4,345,18.9,396.9,13.09,17.4,61.67322130854487,73.22546,0.13336889837289945
0.12816,12.5,6.07,0,0.409,5.885,33.0,6.498,4,345,18.9,396.9,8.79,20.9,58.62361937128293,51.72914999999999,0.13336889837289945
0.08826,0.0,10.81,0,0.413,6.417,6.6,5.2873,4,305,19.2,383.73,6.72,24.2,47.5299984416394,43.12224,0.15905078491562355
0.15876,0.0,10.81,0,0.413,5.961,17.5,5.2873,4,305,19.2,376.94,9.88,21.7,51.165911759771845,58.89468000000001,0.15905078491562355
0.09164,0.0,10.81,0,0.413,6.065,7.8,5.2873,4,305,19.2,390.91,5.52,22.8,50.28854080791426,33.4788,0.15905078491562355
0.19539,0.0,10.81,0,0.413,6.245,6.2,5.2873,4,305,19.2,377.17,7.54,23.4,48.83907125700561,47.0873,0.15905078491562355
0.07896,0.0,12.83,0,0.437,6.273,6.0,4.2515,5,398,18.7,394.92,6.78,24.1,63.44651681810936,42.53094,0.19042178425211845
0.09512,0.0,12.83,0,0.437,6.286,45.0,4.5026,5,398,18.7,383.23,8.94,21.4,63.315303849825014,56.196839999999995,0.18173227201686476
0.10153,0.0,12.83,0,0.437,6.279,74.5,4.0522,5,398,18.7,373.66,11.97,20.0,63.385889472845996,75.15963,0.19793357349273583
0.08707,0.0,12.83,0,0.437,6.14,45.8,4.0905,5,398,18.7,386.96,10.27,20.8,64.82084690553746,63.05779999999999,0.1964443571358413
0.05646,0.0,12.83,0,0.437,6.232,53.7,5.0141,5,398,18.7,386.4,12.34,21.2,63.86392811296534,76.90288,0.1662759182587586
0.08387,0.0,12.83,0,0.437,5.874,36.6,4.5026,5,398,18.7,396.06,9.1,20.3,67.75621382362955,53.453399999999995,0.18173227201686476
0.04113,25.0,4.86,0,0.426,6.727,33.5,5.4007,4,281,19.0,396.9,5.29,28.0,41.77196372825925,35.58583,0.15623291202524725
0.04462,25.0,4.86,0,0.426,6.619,70.4,5.4007,4,281,19.0,395.63,7.22,23.9,42.45354283124339,47.789179999999995,0.15623291202524725
0.03659,25.0,4.86,0,0.426,6.302,32.2,5.4007,4,281,19.0,396.9,6.72,24.8,44.589019358933676,42.349439999999994,0.15623291202524725
0.03551,25.0,4.86,0,0.426,6.167,46.7,5.4007,4,281,19.0,390.64,7.51,22.9,45.56510458894114,46.31417,0.15623291202524725
0.05059,0.0,4.49,0,0.449,6.389,48.0,4.7794,3,247,18.5,396.9,9.62,23.9,38.660197213961496,61.46218,0.17302834204242656
0.05735,0.0,4.49,0,0.449,6.63,56.1,4.4377,3,247,18.5,392.3,6.53,26.6,37.254901960784316,43.2939,0.18390128179193407
0.05188,0.0,4.49,0,0.449,6.015,45.1,4.4272,3,247,18.5,395.99,12.86,22.5,41.06400665004156,77.35289999999999,0.18425707547169812
0.07151,0.0,4.49,0,0.449,6.121,56.8,3.7476,3,247,18.5,395.15,8.44,22.2,40.35288351576539,51.66124,0.21063274075322266
0.0566,0.0,3.41,0,0.489,7.007,86.3,3.4217,2,270,17.8,396.9,5.5,23.6,38.53289567575282,38.5385,0.22615736029129072
0.05302,0.0,3.41,0,0.489,7.079,63.1,3.4145,2,270,17.8,396.06,5.7,28.7,38.14098036445826,40.3503,0.22652622041001244
0.04684,0.0,3.41,0,0.489,6.417,66.1,3.0923,2,270,17.8,392.18,8.81,22.6,42.0757363253857,56.533770000000004,0.24436136158150673
0.03932,0.0,3.41,0,0.489,6.405,73.9,3.0921,2,270,17.8,393.55,8.2,22.0,42.15456674473068,52.521,0.2443733046601989
0.04203,28.0,15.04,0,0.464,6.442,53.6,3.6659,4,270,18.2,395.01,8.16,22.9,41.91244954982925,52.566720000000004,0.2143209241518249
0.02875,28.0,15.04,0,0.464,6.211,28.9,3.6659,4,270,18.2,396.33,6.21,25.0,43.47126066655933,38.57031,0.2143209241518249
0.04294,28.0,15.04,0,0.464,6.249,77.3,3.615,4,270,18.2,396.9,10.59,20.6,43.20691310609698,66.17690999999999,0.21668472372697725
0.12204,0.0,2.89,0,0.445,6.625,57.8,3.4952,2,276,18.0,357.98,6.65,28.4,41.660377358490564,44.056250000000006,0.22245951236874886
0.11504,0.0,2.89,0,0.445,6.163,69.6,3.4952,2,276,18.0,391.83,11.34,21.4,44.78338471523608,69.88842,0.22245951236874886
0.0686,0.0,2.89,0,0.445,7.416,62.5,3.4952,2,276,18.0,396.9,6.19,33.2,37.2168284789644,45.90504000000001,0.22245951236874886
0.14866,0.0,8.56,0,0.52,6.727,79.9,2.7778,5,384,20.9,394.76,9.42,27.5,57.083395272781324,63.36834,0.2647043252686749
0.11432,0.0,8.56,0,0.52,6.781,71.3,2.8561,5,384,20.9,395.58,7.67,26.5,56.62881580887775,52.01027,0.25932937423821995
0.22876,0.0,8.56,0,0.52,6.405,85.4,2.7147,5,384,20.9,70.8,10.63,18.6,59.95316159250585,68.08515000000001,0.26920074299405067
0.21161,0.0,8.56,0,0.52,6.137,87.4,2.7147,5,384,20.9,394.47,13.44,19.3,62.57128890337299,82.48128,0.26920074299405067
0.1396,0.0,8.56,0,0.52,6.167,90.0,2.421,5,384,20.9,392.69,12.33,20.1,62.2669044916491,76.03911,0.2923121894182988
0.13262,0.0,8.56,0,0.52,5.851,96.7,2.1069,5,384,20.9,394.05,16.47,19.5,65.62980687062041,96.36596999999999,0.3218642376645531
0.1712,0.0,8.56,0,0.52,5.836,91.9,2.211,5,384,20.9,395.67,18.66,19.5,65.79849211788896,108.89976,0.3114294612270321
0.13117,0.0,8.56,0,0.52,6.127,85.2,2.1224,5,384,20.9,387.69,14.09,20.4,62.67341276317937,86.32943,0.3202664616961312
0.12802,0.0,8.56,0,0.52,6.474,97.1,2.4329,5,384,20.9,395.24,12.27,19.8,59.3141797961075,79.43598,0.2912989018031402
0.26363,0.0,8.56,0,0.52,6.229,91.2,2.5451,5,384,20.9,391.23,15.55,19.4,61.6471343714882,96.86095,0.2820794900002821
0.10793,0.0,8.56,0,0.52,6.195,54.4,2.7778,5,384,20.9,393.49,13.0,21.7,61.98547215496368,80.535,0.2647043252686749
0.10084,0.0,10.01,0,0.547,6.715,81.6,2.6775,6,432,17.8,395.59,10.16,22.8,64.33358153387938,68.2244,0.27192386131883073
0.12329,0.0,10.01,0,0.547,5.913,92.9,2.3534,6,432,17.8,394.95,16.21,18.8,73.05936073059361,95.84973000000001,0.29820480706148983
0.22212,0.0,10.01,0,0.547,6.092,95.4,2.548,6,432,17.8,396.9,17.09,18.7,70.91267235718976,104.11228,0.2818489289740699
0.14231,0.0,10.01,0,0.547,6.254,84.2,2.2565,6,432,17.8,388.74,10.45,18.5,69.0757914934442,65.3543,0.30707815138952865
0.17134,0.0,10.01,0,0.547,5.928,88.2,2.4631,6,432,17.8,344.91,15.76,18.3,72.87449392712551,93.42528,0.2887586266639716
0.13158,0.0,10.01,0,0.547,6.176,72.5,2.7301,6,432,17.8,393.3,12.04,21.2,69.9481865284974,74.35904,0.26808932736387764
0.15098,0.0,10.01,0,0.547,6.021,82.6,2.7474,6,432,17.8,394.51,10.3,19.2,71.74887892376682,62.0163,0.266851683834125
0.13058,0.0,10.01,0,0.547,5.872,73.1,2.4775,6,432,17.8,338.63,15.37,20.4,73.56948228882834,90.25264,0.2875629043853343
0.14476,0.0,10.01,0,0.547,5.731,65.2,2.7592,6,432,17.8,391.5,13.61,19.3,75.37951491886233,77.99891,0.2660140455416046
0.06899,0.0,25.65,0,0.581,5.87,69.7,2.2577,2,188,19.1,389.15,14.37,22.0,32.02725724020443,84.3519,0.3069650366823219
0.07165,0.0,25.65,0,0.581,6.004,84.1,2.1974,2,188,19.1,377.67,14.27,20.3,31.312458361092606,85.67707999999999,0.3127541127165822
0.09299,0.0,25.65,0,0.581,5.961,92.9,2.0869,2,188,19.1,378.09,17.93,20.5,31.538332494547895,106.88073,0.32394959344326024
0.15038,0.0,25.65,0,0.581,5.856,97.0,1.9444,2,188,19.1,370.31,25.41,17.3,32.10382513661202,148.80096,0.33962776796630895
0.09849,0.0,25.65,0,0.581,5.879,95.8,2.0063,2,188,19.1,379.38,17.58,18.8,31.978227589726146,103.35281999999998,0.33263480025280245
0.16902,0.0,25.65,0,0.581,5.986,88.4,1.9929,2,188,19.1,385.02,14.81,21.4,31.406615436017375,88.65266,0.3341240936883959
0.38735,0.0,25.65,0,0.581,5.613,95.6,1.7572,2,188,19.1,359.29,27.26,15.7,33.49367539640121,153.01038000000003,0.3626867836936022
0.25915,0.0,21.89,0,0.624,5.693,96.0,1.7883,4,437,21.2,392.11,17.19,16.2,76.76093448094151,97.86267,0.35864146612631354
0.32543,0.0,21.89,0,0.624,6.431,98.8,1.8125,4,437,21.2,396.9,15.39,18.0,67.95210698180688,98.97309,0.35555555555555557
0.88125,0.0,21.89,0,0.624,5.637,94.7,1.9799,4,437,21.2,396.9,18.34,14.3,77.52350541067945,103.38257999999999,0.33558173093056815
0.34006,0.0,21.89,0,0.624,6.458,98.9,2.1185,4,437,21.2,395.04,12.6,19.2,67.6680086714153,81.3708,0.320666987333654
1.19294,0.0,21.89,0,0.624,6.326,97.7,2.271,4,437,21.2,396.9,12.26,19.6,69.07998735377807,77.55676,0.3057169061449098
0.59005,0.0,21.89,0,0.624,6.372,97.9,2.3274,4,437,21.2,385.76,11.12,23.0,68.58129315756435,70.85664,0.3005349522149426
0.32982,0.0,21.89,0,0.624,5.822,95.4,2.4699,4,437,21.2,388.69,15.03,18.4,75.06011679835107,87.50466,0.28819274330672356
0.97617,0.0,21.89,0,0.624,5.757,98.4,2.346,4,437,21.2,262.76,17.31,15.6,75.90759075907592,99.65366999999999,0.29886431560071725
0.55778,0.0,21.89,0,0.624,6.335,98.2,2.1107,4,437,21.2,394.67,16.96,18.1,68.98184688239937,107.44160000000001,0.32147105153180955
0.32264,0.0,21.89,0,0.624,5.942,93.5,1.9669,4,437,21.2,378.25,16.9,17.4,73.544261191518,100.4198,0.3370521419663622
0.35233,0.0,21.89,0,0.624,6.454,98.4,1.8498,4,437,21.2,394.08,14.59,17.1,67.70994731949179,94.16386,0.35090181767141554
0.2498,0.0,21.89,0,0.624,5.857,98.2,1.6686,4,437,21.2,392.04,21.32,13.3,74.61157589209493,124.87124,0.37472832196657424
0.54452,0.0,21.89,0,0.624,6.151,97.9,1.6687,4,437,21.2,396.9,18.46,17.8,71.04535847829621,113.54746,0.3747142803612245
0.2909,0.0,21.89,0,0.624,6.174,93.6,1.6119,4,437,21.2,388.08,24.16,14.0,70.78069322967282,149.16384000000002,0.38286304988705533
1.62864,0.0,21.89,0,0.624,5.019,100.0,1.4394,4,437,21.2,396.9,34.41,14.4,87.0691372783423,172.70379,0.4099368697220628
3.32105,0.0,19.58,1,0.871,5.403,100.0,1.3216,5,403,14.7,396.9,26.82,13.4,74.58819174532668,144.90846,0.43073742246726393
4.0974,0.0,19.58,0,0.871,5.468,100.0,1.4118,5,403,14.7,396.9,26.42,15.6,73.70153621068032,144.46456,0.4146280786134837
2.77974,0.0,19.58,0,0.871,4.903,97.8,1.3459,5,403,14.7,396.9,29.29,11.8,82.19457475015298,143.60887,0.426275629822243
2.37934,0.0,19.58,0,0.871,6.13,100.0,1.4191,5,403,14.7,172.91,27.8,13.8,65.74225122349102,170.414,0.4133768756975734
2.15505,0.0,19.58,0,0.871,5.628,100.0,1.5166,5,403,14.7,169.27,16.65,15.6,71.60625444207534,93.7062,0.3973615195104506
2.36862,0.0,19.58,0,0.871,4.926,95.7,1.4608,5,403,14.7,391.71,29.53,14.6,81.81079983759642,145.46478000000002,0.4063719115734721
2.33099,0.0,19.58,0,0.871,5.186,93.8,1.5296,5,403,14.7,356.99,28.32,17.8,77.70921712302352,146.86752,0.3953194180898165
2.73397,0.0,19.58,0,0.871,5.597,94.9,1.5257,5,403,14.7,351.85,21.45,15.4,72.0028586742898,120.05565,0.39592984123213365
1.6566,0.0,19.58,0,0.871,6.122,97.3,1.618,5,403,14.7,372.8,14.1,21.5,65.828160731787,86.3202,0.38197097020626425
1.49632,0.0,19.58,0,0.871,5.404,100.0,1.5916,5,403,14.7,341.6,13.28,19.6,74.57438934122872,71.76512,0.3858620157431703
1.12658,0.0,19.58,1,0.871,5.012,88.0,1.6102,5,403,14.7,343.28,12.12,15.3,80.40702314445332,60.74543999999999,0.38311240517967976
2.14918,0.0,19.58,0,0.871,5.709,98.5,1.6232,5,403,14.7,261.95,15.79,19.4,70.59029602382203,90.14510999999999,0.3812137846904544
1.41385,0.0,19.58,1,0.871,6.129,96.0,1.7494,5,403,14.7,321.02,15.12,17.0,65.75297764725077,92.67047999999998,0.36371571979340944
3.53501,0.0,19.58,1,0.871,6.152,82.6,1.7455,5,403,14.7,88.01,15.02,15.6,65.50715214564369,92.40304,0.364232380258605
2.44668,0.0,19.58,0,0.871,5.272,94.0,1.7364,5,403,14.7,88.63,16.14,13.1,76.44157814871016,85.09008,0.36544364858938755
1.34284,0.0,19.58,0,0.605,6.066,100.0,1.7573,5,403,14.7,353.89,6.43,24.3,66.43587207385427,39.00438,0.3626736300003627
1.42502,0.0,19.58,0,0.871,6.51,100.0,1.7659,5,403,14.7,364.31,7.39,23.3,61.904761904761905,48.1089,0.36154597057015797
1.27346,0.0,19.58,1,0.605,6.25,92.6,1.7984,5,403,14.7,338.92,5.5,27.0,64.48,34.375,0.357347055460263
2.24236,0.0,19.58,0,0.605,5.854,91.8,2.422,5,403,14.7,395.11,11.64,22.7,68.8418175606423,68.14056000000001,0.29222676797194624
2.924,0.0,19.58,0,0.605,6.101,93.0,2.2834,5,403,14.7,240.16,9.81,25.0,66.05474512375021,59.85081,0.30456234391179876
1.80028,0.0,19.58,0,0.605,5.877,79.2,2.4259,5,403,14.7,227.61,12.14,23.8,68.57240088480518,71.34678,0.29189410082022244
2.3004,0.0,19.58,0,0.605,6.319,96.1,2.1,5,403,14.7,297.09,11.1,23.8,63.77591391042887,70.1409,0.3225806451612903
2.44953,0.0,19.58,0,0.605,6.402,95.2,2.2625,5,403,14.7,330.04,11.32,22.3,62.94907841299594,72.47064,0.3065134099616858
1.20742,0.0,19.58,0,0.605,5.875,94.6,2.4259,5,403,14.7,292.29,14.43,17.4,68.59574468085107,84.77625,0.29189410082022244
2.3139,0.0,19.58,0,0.605,5.88,97.3,2.3887,5,403,14.7,348.13,12.03,19.1,68.5374149659864,70.73639999999999,0.2950984153215097
0.13914,0.0,4.05,0,0.51,5.572,88.5,2.5961,5,296,16.6,396.9,14.69,23.1,53.122756640344576,81.85267999999999,0.2780790300603432
0.09178,0.0,4.05,0,0.51,6.416,84.1,2.6463,5,296,16.6,395.5,9.04,23.6,46.13466334164588,58.00064,0.2742506102076077
0.08447,0.0,4.05,0,0.51,5.859,68.7,2.7019,5,296,16.6,393.23,9.64,22.6,50.520566649598905,56.480760000000004,0.27013155406683054
0.06664,0.0,4.05,0,0.51,6.546,33.1,3.1323,5,296,16.6,390.96,5.33,29.4,45.218454017720745,34.89018,0.24199598286668442
0.07022,0.0,4.05,0,0.51,6.02,47.2,3.5549,5,296,16.6,393.23,10.11,23.2,49.16943521594685,60.862199999999994,0.21954378800851831
0.05425,0.0,4.05,0,0.51,6.315,73.4,3.3175,5,296,16.6,395.6,6.29,24.6,46.87252573238321,39.72135,0.23161551823972207
0.06642,0.0,4.05,0,0.51,6.86,74.4,2.9153,5,296,16.6,391.27,6.92,29.9,43.14868804664723,47.4712,0.2554082701197865
0.06888,0.0,2.46,0,0.488,6.144,62.2,2.5979,3,193,17.8,396.9,9.45,36.2,31.412760416666664,58.06079999999999,0.2779399093915895
0.10008,0.0,2.46,0,0.488,6.563,95.6,2.847,3,193,17.8,396.9,5.68,32.5,29.407283254609172,37.27784,0.25994281258123214
0.08308,0.0,2.46,0,0.488,5.604,89.8,2.9879,3,193,17.8,391.0,13.98,26.4,34.43968593861528,78.34392,0.25075854459740715
0.06047,0.0,2.46,0,0.488,6.153,68.8,3.2797,3,193,17.8,387.11,13.15,29.6,31.36681293677881,80.91194999999999,0.2336612379372386
0.07875,45.0,3.44,0,0.437,6.782,41.1,3.7886,5,398,15.2,393.87,6.68,32.0,58.68475375995282,45.30376,0.2088293029277868
0.12579,45.0,3.44,0,0.437,6.556,29.1,4.5667,5,398,15.2,382.84,4.56,29.8,60.707748627211714,29.895359999999997,0.17963964287638995
0.0837,45.0,3.44,0,0.437,7.185,38.9,4.5667,5,398,15.2,396.9,5.39,34.9,55.39318023660404,38.727149999999995,0.17963964287638995
0.06911,45.0,3.44,0,0.437,6.739,30.8,6.4798,5,398,15.2,389.71,4.69,30.5,59.059207597566406,31.60591,0.13369341426241343
0.08664,45.0,3.44,0,0.437,7.178,26.3,6.4798,5,398,15.2,390.49,2.87,36.4,55.447199777096685,20.60086,0.13369341426241343
0.02187,60.0,2.93,0,0.401,6.8,9.9,6.2196,1,265,15.6,393.37,5.03,31.1,38.970588235294116,34.204,0.13851182891018893
0.01439,60.0,2.93,0,0.401,6.604,18.8,6.2196,1,265,15.6,376.7,4.38,29.1,40.127195639006665,28.92552,0.13851182891018893
0.04011,80.0,1.52,0,0.404,7.287,34.1,7.309,2,329,12.6,396.9,4.08,33.3,45.14889529298751,29.73096,0.12035142616440003
0.04666,80.0,1.52,0,0.404,7.107,36.6,7.309,2,329,12.6,354.31,8.61,30.3,46.292387786689176,61.191269999999996,0.12035142616440003
0.03768,80.0,1.52,0,0.404,7.274,38.3,7.309,2,329,12.6,392.2,6.62,34.6,45.22958482265604,48.15388,0.12035142616440003
0.0315,95.0,1.47,0,0.403,6.975,15.3,7.6534,3,402,17.0,396.9,4.56,34.9,57.63440860215054,31.805999999999997,0.11556151339357938
0.01778,95.0,1.47,0,0.403,7.135,13.9,7.6534,3,402,17.0,384.3,4.45,32.9,56.341976173791174,31.75075,0.11556151339357938
0.03445,82.5,2.03,0,0.415,6.162,38.4,6.27,2,348,14.7,393.77,7.43,24.1,56.475170399221035,45.78366,0.13755158184319122
0.13642,0.0,10.59,0,0.489,5.891,22.3,3.9454,4,277,18.6,396.9,10.87,22.6,47.02087930741809,64.03517,0.20220811258947713
0.22969,0.0,10.59,0,0.489,6.326,52.5,4.3549,4,277,18.6,394.87,10.97,24.4,43.78754347138793,69.39622,0.18674485051074718
0.25199,0.0,10.59,0,0.489,5.783,72.7,4.3549,4,277,18.6,389.43,18.06,22.5,47.89901435241224,104.44098,0.18674485051074718
0.13587,0.0,10.59,1,0.489,6.064,59.1,4.2392,4,277,18.6,381.32,14.66,24.4,45.67941952506596,88.89824,0.19086883493663154
0.43571,0.0,10.59,1,0.489,5.344,100.0,3.875,4,277,18.6,396.9,23.09,20.0,51.83383233532934,123.39296,0.20512820512820512
0.17446,0.0,10.59,1,0.489,5.96,92.1,3.8771,4,277,18.6,393.25,17.27,21.7,46.47651006711409,102.9292,0.2050398802567099
0.37578,0.0,10.59,1,0.489,5.404,88.6,3.665,4,277,18.6,395.24,23.98,19.3,51.258327165062916,129.58792,0.21436227224008575
0.21719,0.0,10.59,1,0.489,5.807,53.8,3.6526,4,277,18.6,390.94,16.03,22.4,47.70105045634578,93.08621000000001,0.2149335855220737
0.14052,0.0,10.59,0,0.489,6.375,32.3,3.9454,4,277,18.6,385.81,9.38,28.1,43.450980392156865,59.79750000000001,0.20220811258947713
0.28955,0.0,10.59,0,0.489,5.412,9.8,3.5875,4,277,18.6,348.93,29.55,23.7,51.18255728011825,159.9246,0.217983651226158
0.19802,0.0,10.59,0,0.489,6.182,42.4,3.9454,4,277,18.6,393.63,9.47,25.0,44.807505661598185,58.54354000000001,0.20220811258947713
0.0456,0.0,13.89,1,0.55,5.888,56.0,3.1121,5,276,16.4,392.8,13.51,23.3,46.875,79.54688,0.24318474745263977
0.07013,0.0,13.89,0,0.55,6.642,85.1,3.4211,5,276,16.4,392.78,9.69,28.7,41.55374887082204,64.36098,0.2261880527470539
0.11069,0.0,13.89,1,0.55,5.951,93.8,2.8893,5,276,16.4,396.9,17.92,21.5,46.378759872290374,106.64192,0.25711567634278665
0.11425,0.0,13.89,1,0.55,6.373,92.4,3.3633,5,276,16.4,393.74,10.5,23.0,43.307704377844026,66.9165,0.2291843329589989
0.35809,0.0,6.2,1,0.507,6.951,88.5,2.8617,8,307,17.4,391.7,9.71,26.7,44.166307006186166,67.49421,0.25895331071807753
0.40771,0.0,6.2,1,0.507,6.164,91.3,3.048,8,307,17.4,395.24,21.46,21.7,49.80532121998702,132.27944,0.24703557312252963
0.62356,0.0,6.2,1,0.507,6.879,77.7,3.2721,8,307,17.4,390.39,9.93,27.5,44.62857973542666,68.30847,0.23407691767514804
0.6147,0.0,6.2,0,0.507,6.618,80.8,3.2721,8,307,17.4,396.9,7.6,30.1,46.38863705046842,50.2968,0.23407691767514804
0.41238,0.0,6.2,0,0.504,7.163,79.9,3.2157,8,307,17.4,372.08,6.36,31.6,42.85913723300293,45.55668000000001,0.23720853001873948
0.44178,0.0,6.2,0,0.504,6.552,21.4,3.3751,8,307,17.4,380.34,3.76,31.5,46.855921855921856,24.635519999999996,0.22856620420104684
0.537,0.0,6.2,0,0.504,5.981,68.1,3.6715,8,307,17.4,378.35,11.65,24.3,51.32920916234743,69.67865,0.21406400513753612
0.46296,0.0,6.2,0,0.504,7.412,76.9,3.6715,8,307,17.4,376.14,5.25,31.7,41.419320021586614,38.913,0.21406400513753612
0.44791,0.0,6.2,1,0.507,6.726,66.5,3.6519,8,307,17.4,360.2,8.05,29.0,45.643770443056795,54.1443,0.21496592790042782
0.33045,0.0,6.2,0,0.507,6.086,61.5,3.6519,8,307,17.4,376.75,10.88,24.0,50.44364114360828,66.21568,0.21496592790042782
0.52058,0.0,6.2,1,0.507,6.631,76.5,4.148,8,307,17.4,388.45,9.54,25.1,46.29769265570803,63.259739999999994,0.19425019425019427
0.51183,0.0,6.2,0,0.507,7.358,71.6,4.148,8,307,17.4,390.07,4.73,31.5,41.723294373471056,34.80334,0.19425019425019427
0.08244,30.0,4.93,0,0.428,6.481,18.5,6.1899,6,300,16.6,379.41,6.36,23.7,46.28915290850178,41.21916,0.13908399282326597
0.09252,30.0,4.93,0,0.428,6.606,42.2,6.1899,6,300,16.6,383.78,7.37,23.3,45.41326067211626,48.68622,0.13908399282326597
0.11329,30.0,4.93,0,0.428,6.897,54.3,6.3361,6,300,16.6,391.25,11.38,22.0,43.49717268377555,78.48786000000001,0.13631220948460354
0.10612,30.0,4.93,0,0.428,6.095,65.1,6.3361,6,300,16.6,394.62,12.4,20.1,49.22067268252666,75.578,0.13631220948460354
0.1029,30.0,4.93,0,0.428,6.358,52.9,7.0355,6,300,16.6,372.75,11.22,22.2,47.18464926077383,71.33676,0.12444776305145916
0.12757,30.0,4.93,0,0.428,6.393,7.8,7.0355,6,300,16.6,374.71,5.19,23.7,46.926325668700144,33.17967,0.12444776305145916
0.20608,22.0,5.86,0,0.431,5.593,76.5,7.9549,7,330,19.1,372.49,12.5,17.6,59.002324333988916,69.9125,0.11167070542384616
0.19133,22.0,5.86,0,0.431,5.605,70.2,7.9549,7,330,19.1,389.13,18.46,18.5,58.87600356824264,103.46830000000001,0.11167070542384616
0.33983,22.0,5.86,0,0.431,6.108,34.9,8.0555,7,330,19.1,390.18,9.16,24.3,54.02750491159136,55.949279999999995,0.11043012533819226
0.19657,22.0,5.86,0,0.431,6.226,79.2,8.0555,7,330,19.1,376.14,10.15,20.5,53.003533568904594,63.1939,0.11043012533819226
0.16439,22.0,5.86,0,0.431,6.433,49.1,7.8265,7,330,19.1,374.71,9.52,24.5,51.29799471475206,61.24216,0.11329519061915823
0.19073,22.0,5.86,0,0.431,6.718,17.5,7.8265,7,330,19.1,393.74,6.56,26.2,49.121762429294435,44.07008,0.11329519061915823
0.1403,22.0,5.86,0,0.431,6.487,13.0,7.3967,7,330,19.1,396.28,5.9,24.4,50.87097271466009,38.273300000000006,0.11909440613574382
0.21409,22.0,5.86,0,0.431,6.438,8.9,7.3967,7,330,19.1,377.07,3.59,24.8,51.258154706430574,23.112419999999997,0.11909440613574382
0.08221,22.0,5.86,0,0.431,6.957,6.8,8.9067,7,330,19.1,386.09,3.53,29.6,47.4342388960759,24.55821,0.10094178687151119
0.04819,80.0,3.64,0,0.392,6.108,32.0,9.2203,1,315,16.4,392.89,6.57,21.9,51.57170923379175,40.12956,0.09784448597399294
0.03548,80.0,3.64,0,0.392,5.876,19.1,9.2203,1,315,16.4,395.18,9.25,20.9,53.60789652825051,54.353,0.09784448597399294
0.66351,20.0,3.97,0,0.647,7.333,100.0,1.8946,5,264,13.0,383.29,7.79,36.0,36.00163643801991,57.12407,0.3454708768050853
0.65665,20.0,3.97,0,0.647,6.842,100.0,2.0107,5,264,13.0,391.93,6.9,30.1,38.58520900321544,47.2098,0.3321486697445777
0.54011,20.0,3.97,0,0.647,7.203,81.8,2.1121,5,264,13.0,392.8,9.59,33.8,36.65139525197834,69.07677,0.3213264355258507
0.82526,20.0,3.97,0,0.647,7.327,94.5,2.0788,5,264,13.0,393.42,11.25,31.0,36.03111778354033,82.42875,0.3248018708587761
0.55007,20.0,3.97,0,0.647,7.206,91.6,1.9301,5,264,13.0,387.89,8.1,36.5,36.63613655287261,58.3686,0.3412852803658578
0.76162,20.0,3.97,0,0.647,5.56,62.8,1.9865,5,264,13.0,392.4,10.45,22.8,47.48201438848921,58.10199999999999,0.3348401138456387
0.7857,20.0,3.97,0,0.647,7.014,84.6,2.1329,5,264,13.0,384.07,14.79,30.7,37.63900769888794,103.73706,0.3191930798940279
0.09065,20.0,6.96,1,0.464,5.92,61.5,3.9175,3,223,18.6,391.34,13.65,20.7,37.66891891891892,80.808,0.20335536349771224
0.29916,20.0,6.96,0,0.464,5.856,42.1,4.429,3,223,18.6,388.65,13.0,21.1,38.080601092896174,76.128,0.1841959845275373
0.16211,20.0,6.96,0,0.464,6.24,16.3,4.429,3,223,18.6,396.9,6.59,25.2,35.73717948717949,41.1216,0.1841959845275373
0.1146,20.0,6.96,0,0.464,6.538,58.7,3.9175,3,223,18.6,394.96,7.73,24.4,34.10828999694096,50.538740000000004,0.20335536349771224
0.22188,20.0,6.96,1,0.464,7.691,51.8,4.3665,3,223,18.6,390.77,6.58,35.2,28.994929137953452,50.60678,0.1863411907202087
0.05644,40.0,6.41,1,0.447,6.758,32.9,4.0776,4,254,17.6,396.9,3.53,32.4,37.58508434448061,23.855739999999997,0.19694343784465101
0.09604,40.0,6.41,0,0.447,6.854,42.8,4.2673,4,254,17.6,396.9,2.98,32.0,37.058651882112635,20.42492,0.1898505875875686
0.10469,40.0,6.41,1,0.447,7.267,49.0,4.7872,4,254,17.6,389.25,6.05,33.2,34.9525251135269,43.96535,0.17279513408902406
0.06127,40.0,6.41,1,0.447,6.826,27.6,4.8628,4,254,17.6,393.45,4.16,33.1,37.21066510401407,28.39616,0.17056696459029816
0.07978,40.0,6.41,0,0.447,6.482,32.1,4.1403,4,254,17.6,396.9,7.19,29.1,39.185436593643935,46.60558,0.19454117463961249
0.21038,20.0,3.33,0,0.4429,6.812,32.2,4.1007,5,216,14.9,396.9,4.85,35.1,31.708749266001174,33.038199999999996,0.19605152234007098
0.03705,20.0,3.33,0,0.4429,6.968,37.2,5.2447,5,216,14.9,392.23,4.59,35.4,30.998851894374283,31.98312,0.16013579515429083
0.00906,90.0,2.97,0,0.4,7.088,20.8,7.3073,1,285,15.3,394.72,7.85,32.2,40.20880361173815,55.6408,0.12037605479518015
0.01096,55.0,2.25,0,0.389,6.453,31.9,7.3073,1,300,15.3,394.72,8.23,22.0,46.49000464900046,53.10819000000001,0.12037605479518015
0.01965,80.0,1.76,0,0.385,6.23,31.5,9.0892,1,241,18.2,341.6,12.93,20.1,38.68378812199037,80.5539,0.09911588629425525
0.03871,52.5,5.32,0,0.405,6.209,31.3,7.3172,6,293,16.6,396.9,7.14,23.2,47.18956353680142,44.33226,0.12023277064396673
0.0459,52.5,5.32,0,0.405,6.315,45.6,7.3172,6,293,16.6,396.9,7.6,22.3,46.39746634996041,47.994,0.12023277064396673
0.04297,52.5,5.32,0,0.405,6.565,22.9,7.3172,6,293,16.6,371.72,9.51,24.8,44.630616907844626,62.433150000000005,0.12023277064396673
0.03502,80.0,4.95,0,0.411,6.861,27.9,5.1167,4,245,19.2,396.9,3.33,28.5,35.70908030899286,22.84713,0.16348684748311998
0.03615,80.0,4.95,0,0.411,6.63,23.4,5.1167,4,245,19.2,396.9,4.7,27.9,36.95324283559578,31.161,0.16348684748311998
0.08265,0.0,13.92,0,0.437,6.127,18.4,5.5027,4,289,16.0,396.9,8.58,23.9,47.16827158478864,52.56966,0.15378227505497716
0.08199,0.0,13.92,0,0.437,6.009,42.3,5.5027,4,289,16.0,396.9,10.4,21.7,48.094524879347645,62.49360000000001,0.15378227505497716
0.12932,0.0,13.92,0,0.437,6.678,31.1,5.9604,4,289,16.0,396.9,6.27,28.6,43.2764300688829,41.87106,0.1436699040285041
0.05372,0.0,13.92,0,0.437,6.549,51.0,5.9604,4,289,16.0,392.85,7.39,27.1,44.12887463734921,48.39711,0.1436699040285041
0.14103,0.0,13.92,0,0.437,5.79,58.0,6.32,4,289,16.0,396.9,15.84,20.3,49.913644214162346,91.7136,0.13661202185792348
0.06466,70.0,2.24,0,0.4,6.345,20.1,7.8278,5,358,14.8,368.24,4.97,22.5,56.42237982663515,31.534649999999996,0.11327850653616983
0.05561,70.0,2.24,0,0.4,7.041,10.0,7.8278,5,358,14.8,371.58,4.74,29.0,50.84505041897457,33.374340000000004,0.11327850653616983
0.04417,70.0,2.24,0,0.4,6.871,47.4,7.8278,5,358,14.8,390.86,6.07,24.8,52.10304176975695,41.706970000000005,0.11327850653616983
0.03537,34.0,6.09,0,0.433,6.59,40.4,5.4917,7,329,16.1,395.75,9.5,22.0,49.92412746585736,62.605,0.1540428547221837
0.09266,34.0,6.09,0,0.433,6.495,18.4,5.4917,7,329,16.1,383.61,8.67,26.4,50.65434949961509,56.31165,0.1540428547221837
0.1,34.0,6.09,0,0.433,6.982,17.7,5.4917,7,329,16.1,390.43,4.86,33.1,47.121168719564594,33.932520000000004,0.1540428547221837
0.05515,33.0,2.18,0,0.472,7.236,41.1,4.022,7,222,18.4,393.68,6.93,36.1,30.679933665008292,50.14548,0.19912385503783353
0.05479,33.0,2.18,0,0.472,6.616,58.1,3.37,7,222,18.4,393.36,8.93,28.4,33.55501813784765,59.08087999999999,0.22883295194508008
0.07503,33.0,2.18,0,0.472,7.42,71.9,3.0992,7,222,18.4,396.9,6.47,33.4,29.919137466307276,48.0074,0.24395003903200627
0.04932,33.0,2.18,0,0.472,6.849,70.3,3.1827,7,222,18.4,396.9,7.53,28.2,32.413491020586946,51.572970000000005,0.23908002008272167
0.49298,0.0,9.9,0,0.544,6.635,82.5,3.3175,4,304,18.4,396.9,4.54,22.8,45.81763376036172,30.122899999999998,0.23161551823972207
0.3494,0.0,9.9,0,0.544,5.972,76.7,3.1025,4,304,18.4,396.24,9.97,20.3,50.904219691895506,59.54084000000001,0.2437538086532602
2.63548,0.0,9.9,0,0.544,4.973,37.8,2.5194,4,304,18.4,350.45,12.64,16.1,61.13010255379047,62.85872,0.28413934193328405
0.79041,0.0,9.9,0,0.544,6.122,52.8,2.6403,4,304,18.4,396.9,5.98,22.1,49.65697484482195,36.60956,0.27470263439826387
0.26169,0.0,9.9,0,0.544,6.023,90.4,2.834,4,304,18.4,396.3,11.72,19.4,50.47318611987382,70.58956,0.2608242044861763
0.26938,0.0,9.9,0,0.544,6.266,82.8,3.2628,4,304,18.4,393.39,7.9,21.6,48.51579955314395,49.501400000000004,0.23458759500797596
0.3692,0.0,9.9,0,0.544,6.567,87.3,3.6023,4,304,18.4,395.69,9.28,23.8,46.292066392568906,60.941759999999995,0.21728266301631793
0.25356,0.0,9.9,0,0.544,5.705,77.7,3.945,4,304,18.4,396.42,11.5,16.2,53.28659070990359,65.6075,0.20222446916076844
0.31827,0.0,9.9,0,0.544,5.914,83.2,3.9986,4,304,18.4,390.7,18.33,17.8,51.403449442002035,108.40361999999999,0.20005601568439163
0.24522,0.0,9.9,0,0.544,5.782,71.7,4.0317,4,304,18.4,396.9,15.94,19.8,52.576962988585265,92.16508,0.19873998847308066
0.40202,0.0,9.9,0,0.544,6.382,67.2,3.5325,4,304,18.4,395.21,10.36,23.1,47.6339705421498,66.11752,0.22062879205736347
0.47547,0.0,9.9,0,0.544,6.113,58.8,4.0019,4,304,18.4,396.23,12.73,21.0,49.73008342875838,77.81849000000001,0.19992402886902977
0.1676,0.0,7.38,0,0.493,6.426,52.3,4.5404,5,287,19.6,396.9,7.2,23.8,44.66230936819172,46.2672,0.18049238322142805
0.18159,0.0,7.38,0,0.493,6.376,54.3,4.5404,5,287,19.6,396.9,6.87,23.1,45.01254705144291,43.80312,0.18049238322142805
0.35114,0.0,7.38,0,0.493,6.041,49.9,4.7211,5,287,19.6,396.9,7.7,20.4,47.50869061413673,46.5157,0.17479156106343186
0.28392,0.0,7.38,0,0.493,5.708,74.3,4.7211,5,287,19.6,391.13,11.74,18.5,50.28030833917309,67.01192,0.17479156106343186
0.34109,0.0,7.38,0,0.493,6.415,40.1,4.7211,5,287,19.6,396.9,6.12,25.0,44.738893219017925,39.2598,0.17479156106343186
0.19186,0.0,7.38,0,0.493,6.431,14.7,5.4159,5,287,19.6,393.68,5.08,24.6,44.62758513450474,32.66948,0.15586277840988794
0.30347,0.0,7.38,0,0.493,6.312,28.9,5.4159,5,287,19.6,396.9,6.15,23.0,45.468948035487955,38.8188,0.15586277840988794
0.24103,0.0,7.38,0,0.493,6.083,43.7,5.4159,5,287,19.6,396.9,12.79,22.2,47.18066743383199,77.80157,0.15586277840988794
0.06617,0.0,3.24,0,0.46,5.868,25.8,5.2146,4,430,16.9,382.44,9.97,19.3,73.2788002726653,58.503960000000006,0.16091140218195862
0.06724,0.0,3.24,0,0.46,6.333,17.2,5.2146,4,430,16.9,375.21,7.34,22.6,67.89831043739144,46.48422,0.16091140218195862
0.04544,0.0,3.24,0,0.46,6.144,32.2,5.8736,4,430,16.9,368.57,9.09,19.8,69.98697916666667,55.84896,0.14548417132216016
0.05023,35.0,6.06,0,0.4379,5.706,28.4,6.6407,1,304,16.9,394.02,12.43,17.1,53.277252015422356,70.92558,0.13087806091064955
0.03466,35.0,6.06,0,0.4379,6.031,23.3,6.6407,1,304,16.9,362.25,7.83,19.4,50.40623445531421,47.22273,0.13087806091064955
0.05083,0.0,5.19,0,0.515,6.316,38.1,6.4584,5,224,20.2,389.71,5.68,22.2,35.46548448385054,35.87488,0.13407701383674783
0.03738,0.0,5.19,0,0.515,6.31,38.5,6.4584,5,224,20.2,389.4,6.75,20.7,35.49920760697306,42.592499999999994,0.13407701383674783
0.03961,0.0,5.19,0,0.515,6.037,34.5,5.9853,5,224,20.2,396.9,8.01,21.1,37.1045221136326,48.35637,0.14315777418292702
0.03427,0.0,5.19,0,0.515,5.869,46.3,5.2311,5,224,20.2,396.9,9.8,19.5,38.16663826887034,57.516200000000005,0.16048530757009197
0.03041,0.0,5.19,0,0.515,5.895,59.6,5.615,5,224,20.2,394.81,10.56,18.5,37.998303647158615,62.2512,0.15117157974300832
0.03306,0.0,5.19,0,0.515,6.059,37.3,4.8122,5,224,20.2,396.14,8.51,20.6,36.969796996203996,51.56209,0.17205189085028044
0.05497,0.0,5.19,0,0.515,5.985,45.4,4.8122,5,224,20.2,396.9,9.74,19.0,37.42690058479532,58.29390000000001,0.17205189085028044
0.06151,0.0,5.19,0,0.515,5.968,58.5,4.8122,5,224,20.2,396.9,9.29,18.7,37.533512064343164,55.442719999999994,0.17205189085028044
0.01301,35.0,1.52,0,0.442,7.241,49.3,7.0379,1,284,15.5,394.74,5.49,32.7,39.22110205772684,39.75309,0.12441060475994974
0.02498,0.0,1.89,0,0.518,6.54,59.7,6.2669,1,422,15.9,389.96,8.65,16.5,64.52599388379205,56.571000000000005,0.1376102602210021
0.02543,55.0,3.78,0,0.484,6.696,56.4,5.7321,5,370,17.6,396.9,7.18,23.9,55.256869772998805,48.077279999999995,0.1485420596841996
0.03049,55.0,3.78,0,0.484,6.874,28.1,6.4654,5,370,17.6,387.97,4.61,31.2,53.826011056153625,31.689140000000002,0.13395129530902564
0.03113,0.0,4.39,0,0.442,6.014,48.5,8.0136,3,352,18.8,385.64,10.53,17.5,58.53009644163618,63.32742,0.11094346321114759
0.06162,0.0,4.39,0,0.442,5.898,52.3,8.0136,3,352,18.8,364.61,12.67,17.2,59.68124788063751,74.72766,0.11094346321114759
0.0187,85.0,4.15,0,0.429,6.516,27.7,8.5353,4,351,17.9,392.43,6.36,23.1,53.86740331491713,41.44176,0.10487347015825407
0.01501,80.0,2.01,0,0.435,6.635,29.7,8.344,4,280,17.0,390.94,5.99,24.5,42.20045214770158,39.74365,0.10702054794520549
0.02899,40.0,1.25,0,0.429,6.939,34.5,8.7921,1,335,19.7,389.85,5.89,26.6,48.277849834270064,40.870709999999995,0.10212314008231126
0.06211,40.0,1.25,0,0.429,6.49,44.4,8.7921,1,335,19.7,396.9,5.98,22.9,51.61787365177196,38.8102,0.10212314008231126
0.0795,60.0,1.69,0,0.411,6.579,35.9,10.7103,4,411,18.3,370.78,5.49,24.1,62.47150022799818,36.11871,0.08539490875554
0.07244,60.0,1.69,0,0.411,5.884,18.5,10.7103,4,411,18.3,392.33,7.79,18.6,69.85044187627464,45.836360000000006,0.08539490875554
0.01709,90.0,2.02,0,0.41,6.728,36.1,12.1265,5,187,17.0,384.46,4.5,30.1,27.794292508917955,30.276,0.07618176970251019
0.04301,80.0,1.91,0,0.413,5.663,21.9,10.5857,4,334,22.0,382.8,8.05,18.2,58.979339572664664,45.58715000000001,0.08631330001639953
0.10659,80.0,1.91,0,0.413,5.936,19.5,10.5857,4,334,22.0,376.04,5.57,20.6,56.26684636118598,33.063520000000004,0.08631330001639953
8.98296,0.0,18.1,1,0.77,6.212,97.4,2.1222,24,666,20.2,377.73,17.6,17.8,107.21184803605925,109.33120000000001,0.32028697713150983
3.8497,0.0,18.1,1,0.77,6.395,91.0,2.5052,24,666,20.2,391.34,13.27,21.7,104.14386239249414,84.86165,0.2852904256533151
5.20177,0.0,18.1,1,0.77,6.127,83.4,2.7227,24,666,20.2,395.43,11.48,22.7,108.69920026113923,70.33796,0.2686222365487415
4.26131,0.0,18.1,0,0.77,6.112,81.3,2.5091,24,666,20.2,390.74,12.67,22.6,108.96596858638743,77.43904,0.2849733549913083
4.54192,0.0,18.1,0,0.77,6.398,88.0,2.5182,24,666,20.2,374.56,7.79,25.0,104.09502969678024,49.840419999999995,0.2842362571769655
3.83684,0.0,18.1,0,0.77,6.251,91.1,2.2955,24,666,20.2,350.65,14.19,19.9,106.5429531274996,88.70169,0.30344409042633896
3.67822,0.0,18.1,0,0.77,5.362,96.2,2.1036,24,666,20.2,380.79,10.19,20.8,124.20738530399105,54.63878,0.32220646990591567
4.22239,0.0,18.1,1,0.77,5.803,89.0,1.9047,24,666,20.2,353.04,14.64,16.8,114.76822333275892,84.95592,0.34426963197576343
3.47428,0.0,18.1,1,0.718,8.78,82.9,1.9047,24,666,20.2,354.55,5.29,21.9,75.85421412300684,46.4462,0.34426963197576343
4.55587,0.0,18.1,0,0.718,3.561,87.9,1.6132,24,666,20.2,354.7,7.12,27.5,187.02611625947767,25.35432,0.3826725853359865
3.69695,0.0,18.1,0,0.718,4.963,91.4,1.7523,24,666,20.2,316.03,14.0,21.9,134.19302841023574,69.482,0.3633324855575337
13.5222,0.0,18.1,0,0.631,3.863,100.0,1.5106,24,666,20.2,131.42,13.33,23.1,172.4048666839244,51.49379,0.3983111606787222
11.1081,0.0,18.1,0,0.668,4.906,100.0,1.1742,24,666,20.2,396.9,34.77,13.8,135.75214023644517,170.58162000000002,0.45993928801398215
18.4982,0.0,18.1,0,0.668,4.138,100.0,1.137,24,666,20.2,396.9,37.97,13.8,160.9473175447076,157.11986,0.4679457182966776
19.6091,0.0,18.1,0,0.671,7.313,97.9,1.3163,24,666,20.2,396.9,13.44,15.0,91.07069602078491,98.28671999999999,0.4317230065190174
15.288,0.0,18.1,0,0.671,6.649,93.3,1.3449,24,666,20.2,363.02,23.24,13.9,100.16543841179124,154.52275999999998,0.42645741822679006
9.82349,0.0,18.1,0,0.671,6.794,98.8,1.358,24,666,20.2,396.9,21.24,13.3,98.02767147483074,144.30455999999998,0.4240882103477523
23.6482,0.0,18.1,0,0.671,6.38,96.2,1.3861,24,666,20.2,396.9,23.69,13.1,104.38871473354232,151.1422,0.4190939189472361
17.8667,0.0,18.1,0,0.671,6.223,100.0,1.3861,24,666,20.2,393.74,21.78,10.2,107.02233649365259,135.53694000000002,0.4190939189472361
88.9762,0.0,18.1,0,0.671,6.968,91.9,1.4165,24,666,20.2,396.9,17.21,10.4,95.57979334098737,119.91928,0.4138216428719222
15.8744,0.0,18.1,0,0.671,6.545,99.1,1.5192,24,666,20.2,396.9,21.08,10.9,101.75706646294881,137.96859999999998,0.3969514131470308
9.18702,0.0,18.1,0,0.7,5.536,100.0,1.5804,24,666,20.2,396.9,23.6,11.3,120.3034682080925,130.6496,0.38753681599751977
7.99248,0.0,18.1,0,0.7,5.52,100.0,1.5331,24,666,20.2,396.9,24.56,12.3,120.65217391304348,135.57119999999998,0.3947732027949943
20.0849,0.0,18.1,0,0.7,4.368,91.2,1.4395,24,666,20.2,285.83,30.63,8.8,152.47252747252747,133.79184,0.40992006558721056
16.8118,0.0,18.1,0,0.7,5.277,98.1,1.4261,24,666,20.2,396.9,30.81,7.2,126.20807276861854,162.58437,0.4121841638844236
24.3938,0.0,18.1,0,0.7,4.652,100.0,1.4672,24,666,20.2,396.9,28.28,10.5,143.16423043852106,131.55856,0.4053177691309987
22.5971,0.0,18.1,0,0.7,5.0,89.5,1.5184,24,666,20.2,396.9,31.99,7.4,133.2,159.95,0.39707750952986026
14.3337,0.0,18.1,0,0.7,4.88,100.0,1.5895,24,666,20.2,372.92,30.62,10.2,136.47540983606558,149.4256,0.3861749372465727
8.15174,0.0,18.1,0,0.7,5.39,98.9,1.7281,24,666,20.2,396.9,20.85,11.5,123.56215213358071,112.3815,0.36655547817162126
6.96215,0.0,18.1,0,0.7,5.713,97.0,1.9265,24,666,20.2,394.43,17.11,15.1,116.57622965167162,97.74943,0.341705108491372
5.29305,0.0,18.1,0,0.7,6.051,82.5,2.1678,24,666,20.2,378.38,18.76,23.2,110.06445215666831,113.51676000000002,0.31567649472820253
11.5779,0.0,18.1,0,0.7,5.036,97.0,1.77,24,666,20.2,396.9,25.68,9.7,132.2478157267673,129.32448,0.36101083032490977
8.64476,0.0,18.1,0,0.693,6.193,92.6,1.7912,24,666,20.2,396.9,15.17,13.8,107.54077183917326,93.94780999999999,0.35826884494124395
13.3598,0.0,18.1,0,0.693,5.887,94.7,1.7821,24,666,20.2,396.9,16.35,12.7,113.1306268048242,96.25245,0.3594407102548435
8.71675,0.0,18.1,0,0.693,6.471,98.8,1.7257,24,666,20.2,391.98,17.12,13.1,102.92072322670376,110.78352000000001,0.36687823311442935
5.87205,0.0,18.1,0,0.693,6.405,96.0,1.6768,24,666,20.2,396.9,19.37,12.5,103.98126463700234,124.06485,0.3735803945008966
7.67202,0.0,18.1,0,0.693,5.747,98.9,1.6334,24,666,20.2,393.1,19.92,8.5,115.88654950408909,114.48024000000001,0.379737221842485
9.91655,0.0,18.1,0,0.693,5.852,77.8,1.5004,24,666,20.2,338.16,29.97,6.3,113.80724538619275,175.38444,0.3999360102383619
25.0461,0.0,18.1,0,0.693,5.987,100.0,1.5888,24,666,20.2,396.9,26.77,5.6,111.24102221479873,160.27199,0.3862793572311496
14.2362,0.0,18.1,0,0.693,6.343,100.0,1.5741,24,666,20.2,396.9,20.32,7.2,104.99763518839666,128.88976,0.3884852958315528
9.59571,0.0,18.1,0,0.693,6.404,100.0,1.639,24,666,20.2,376.11,20.31,12.1,103.99750156152405,130.06524,0.378931413414172
24.8017,0.0,18.1,0,0.693,5.349,96.0,1.7028,24,666,20.2,396.9,19.77,8.3,124.50925406618059,105.74973,0.3699866804795028
41.5292,0.0,18.1,0,0.693,5.531,85.4,1.6074,24,666,20.2,329.46,27.38,8.5,120.4122220213343,151.43877999999998,0.38352381682902503
20.7162,0.0,18.1,0,0.659,4.138,100.0,1.1781,24,666,20.2,370.22,23.34,11.9,160.9473175447076,96.58091999999999,0.45911574307883024
11.9511,0.0,18.1,0,0.659,5.608,100.0,1.2852,24,666,20.2,332.09,12.13,27.9,118.75891583452211,68.02504,0.4375984596534221
7.40389,0.0,18.1,0,0.597,5.617,97.9,1.4547,24,666,20.2,314.64,26.4,17.2,118.56863094178387,148.28879999999998,0.4073817574449016
14.4383,0.0,18.1,0,0.597,6.852,100.0,1.4655,24,666,20.2,179.36,19.78,27.5,97.19789842381786,135.53256000000002,0.4055972419387548
51.1358,0.0,18.1,0,0.597,5.757,100.0,1.413,24,666,20.2,2.6,10.11,15.0,115.6852527357999,58.203269999999996,0.41442188147534187
14.0507,0.0,18.1,0,0.597,6.657,100.0,1.5275,24,666,20.2,35.05,21.22,17.2,100.04506534474989,141.26154,0.39564787339268054
18.811,0.0,18.1,0,0.597,4.628,100.0,1.5539,24,666,20.2,28.79,34.37,17.9,143.9066551426102,159.06436,0.39155800931908064
28.6558,0.0,18.1,0,0.597,5.155,100.0,1.5894,24,666,20.2,210.97,20.08,16.3,129.1949563530553,103.5124,0.38618985093071756
45.7461,0.0,18.1,0,0.693,4.519,100.0,1.6582,24,666,20.2,88.27,36.98,7.0,147.37773843770745,167.11262,0.37619441727484765
18.0846,0.0,18.1,0,0.679,6.434,100.0,1.8347,24,666,20.2,27.25,29.05,7.2,103.5125893689773,186.9077,0.3527710163332981
10.8342,0.0,18.1,0,0.679,6.782,90.8,1.8195,24,666,20.2,21.57,25.79,7.5,98.20112061338838,174.90778,0.3546728143287817
25.9406,0.0,18.1,0,0.679,5.304,89.1,1.6475,24,666,20.2,127.36,26.64,10.4,125.5656108597285,141.29856,0.3777148253068933
73.5341,0.0,18.1,0,0.679,5.957,100.0,1.8026,24,666,20.2,16.45,20.62,8.8,111.80124223602485,122.83334,0.356811532148719
11.8123,0.0,18.1,0,0.718,6.824,76.5,1.794,24,666,20.2,48.45,22.74,8.4,97.59671746776084,155.17775999999998,0.35790980672870437
11.0874,0.0,18.1,0,0.718,6.411,100.0,1.8589,24,666,20.2,318.75,15.02,16.7,103.88394946186243,96.29321999999999,0.3497848822973871
7.02259,0.0,18.1,0,0.718,6.006,95.3,1.8746,24,666,20.2,319.98,15.7,14.2,110.88911088911088,94.2942,0.34787448688513184
12.0482,0.0,18.1,0,0.614,5.648,87.6,1.9512,24,666,20.2,291.55,14.1,20.8,117.91784702549576,79.6368,0.3388452155055571
7.05042,0.0,18.1,0,0.614,6.103,85.1,2.0218,24,666,20.2,2.52,23.29,13.4,109.12665902015402,142.13887,0.3309285856112251
8.79212,0.0,18.1,0,0.584,5.565,70.6,2.0635,24,666,20.2,3.65,17.16,11.7,119.6765498652291,95.4954,0.3264240248082259
15.8603,0.0,18.1,0,0.679,5.896,95.4,1.9096,24,666,20.2,7.68,24.39,8.3,112.95793758480326,143.80344,0.34368985427550175
12.2472,0.0,18.1,0,0.584,5.837,59.7,1.9976,24,666,20.2,24.65,15.69,10.2,114.09970875449717,91.58252999999999,0.3336002135041366
37.6619,0.0,18.1,0,0.679,6.202,78.7,1.8629,24,666,20.2,18.82,14.52,10.9,107.3847146081909,90.05304,0.34929616822103465
7.36711,0.0,18.1,0,0.679,6.193,78.1,1.9356,24,666,20.2,96.73,21.52,11.0,107.54077183917326,133.27336,0.34064586455920426
9.33889,0.0,18.1,0,0.679,6.38,95.6,1.9682,24,666,20.2,60.72,24.08,9.5,104.38871473354232,153.63039999999998,0.3369045212586753
8.49213,0.0,18.1,0,0.584,6.348,86.1,2.0527,24,666,20.2,83.45,17.64,14.5,104.91493383742912,111.97872,0.32757886461165525
10.0623,0.0,18.1,0,0.584,6.833,94.3,2.0882,24,666,20.2,81.33,19.69,14.1,97.46816917898434,134.54177,0.3238132245320899
6.44405,0.0,18.1,0,0.584,6.425,74.8,2.2004,24,666,20.2,97.95,12.03,16.1,103.65758754863813,77.29275,0.31246094238220223
5.58107,0.0,18.1,0,0.713,6.436,87.9,2.3158,24,666,20.2,100.19,16.22,14.3,103.48042262274704,104.39191999999998,0.301586344170336
13.9134,0.0,18.1,0,0.713,6.208,95.0,2.2222,24,666,20.2,100.63,15.17,11.7,107.28092783505154,94.17536,0.3103469679101235
11.1604,0.0,18.1,0,0.74,6.629,94.6,2.1247,24,666,20.2,109.85,23.27,13.4,100.46764217830744,154.25682999999998,0.32003072294940316
14.4208,0.0,18.1,0,0.74,6.461,93.3,2.0026,24,666,20.2,27.49,18.05,9.6,103.08001857297631,116.62105000000001,0.33304469459801506
15.1772,0.0,18.1,0,0.74,6.152,100.0,1.9142,24,666,20.2,9.32,26.45,8.7,108.25747724317294,162.7204,0.34314734747100406
13.6781,0.0,18.1,0,0.74,5.935,87.9,1.8206,24,666,20.2,68.95,34.02,8.4,112.21566975568662,201.9087,0.3545344962064809
9.39063,0.0,18.1,0,0.74,5.627,93.9,1.8172,24,666,20.2,396.9,22.88,12.8,118.35791718500089,128.74576,0.3549623739883573
22.0511,0.0,18.1,0,0.74,5.818,92.4,1.8662,24,666,20.2,391.45,22.11,10.5,114.47232726022689,128.63598,0.3488940060009769
9.72418,0.0,18.1,0,0.74,6.406,97.2,2.0651,24,666,20.2,385.96,19.52,17.1,103.96503278176709,125.04512,0.32625362957162896
5.66637,0.0,18.1,0,0.74,6.219,100.0,2.0048,24,666,20.2,395.69,16.59,18.4,107.09117221418234,103.17321,0.33280085197018106
9.96654,0.0,18.1,0,0.74,6.485,100.0,1.9784,24,666,20.2,386.73,18.85,15.4,102.69853508095605,122.24225000000001,0.3357507386516251
12.8023,0.0,18.1,0,0.74,5.854,96.6,1.8956,24,666,20.2,240.52,23.79,10.8,113.76836351212846,139.26666,0.34535156789611826
10.6718,0.0,18.1,0,0.74,6.459,94.8,1.9879,24,666,20.2,43.06,23.98,11.8,103.11193683232699,154.88682,0.33468322233006464
6.28807,0.0,18.1,0,0.74,6.341,96.4,2.072,24,666,20.2,318.01,17.79,14.9,105.03075224727961,112.80639,0.3255208333333333
9.92485,0.0,18.1,0,0.74,6.251,96.6,2.198,24,666,20.2,388.52,16.44,12.6,106.5429531274996,102.76644000000002,0.31269543464665417
9.32909,0.0,18.1,0,0.713,6.185,98.7,2.2616,24,666,20.2,396.9,18.13,14.1,107.67987065481003,112.13404999999999,0.306597988717194
7.52601,0.0,18.1,0,0.713,6.417,98.3,2.185,24,666,20.2,304.21,19.31,13.0,103.78681626928471,123.91226999999999,0.3139717425431711
6.71772,0.0,18.1,0,0.713,6.749,92.6,2.3236,24,666,20.2,0.32,17.44,13.4,98.6812861164617,117.70256,0.3008785654110001
5.44114,0.0,18.1,0,0.713,6.655,98.2,2.3552,24,666,20.2,355.29,17.73,15.2,100.07513148009015,117.99315000000001,0.29804482594182163
5.09017,0.0,18.1,0,0.713,6.297,91.8,2.3682,24,666,20.2,385.09,17.27,16.1,105.76464983325394,108.74919,0.2968944837004929
8.24809,0.0,18.1,0,0.713,7.393,99.3,2.4527,24,666,20.2,375.87,16.74,17.8,90.0852157446233,123.75881999999999,0.2896284067541344
9.51363,0.0,18.1,0,0.713,6.728,94.1,2.4961,24,666,20.2,6.68,18.71,14.9,98.98929845422117,125.88088,0.28603300820914734
4.75237,0.0,18.1,0,0.713,6.525,86.5,2.4358,24,666,20.2,50.92,18.13,14.1,102.06896551724138,118.29825,0.29105302986204085
4.66883,0.0,18.1,0,0.713,5.976,87.9,2.5806,24,666,20.2,10.48,19.01,12.7,111.44578313253012,113.60376000000001,0.2792828017650673
8.20058,0.0,18.1,0,0.713,5.936,80.3,2.7792,24,666,20.2,3.5,16.94,13.5,112.1967654986523,100.55584,0.264606265876376
7.75223,0.0,18.1,0,0.713,6.301,83.7,2.7831,24,666,20.2,272.21,16.23,14.9,105.69750833201078,102.26523,0.2643334831223071
6.80117,0.0,18.1,0,0.713,6.081,84.4,2.7175,24,666,20.2,396.9,14.7,20.0,109.52146028613714,89.3907,0.26899798251513113
4.81213,0.0,18.1,0,0.713,6.701,90.0,2.5975,24,666,20.2,255.23,16.42,16.4,99.38815102223549,110.03042,0.27797081306462823
3.69311,0.0,18.1,0,0.713,6.376,88.4,2.5671,24,666,20.2,391.43,14.65,17.7,104.45420326223336,93.4084,0.28033977180342573
6.65492,0.0,18.1,0,0.713,6.317,83.0,2.7344,24,666,20.2,396.9,13.99,19.5,105.42979262308057,88.37483,0.26778063410454156
5.82115,0.0,18.1,0,0.713,6.513,89.9,2.8016,24,666,20.2,393.82,10.29,20.2,102.25702441271304,67.01876999999999,0.26304713804713803
7.83932,0.0,18.1,0,0.655,6.209,65.4,2.9634,24,666,20.2,396.9,13.22,21.4,107.2636495409889,82.08297999999999,0.2523086239087652
3.1636,0.0,18.1,0,0.655,5.759,48.2,3.0665,24,666,20.2,334.4,14.13,19.9,115.64507727035944,81.37467000000001,0.2459117176933481
3.77498,0.0,18.1,0,0.655,5.952,84.7,2.8715,24,666,20.2,22.01,17.15,19.0,111.89516129032258,102.07679999999999,0.2582978173834431
4.42228,0.0,18.1,0,0.584,6.003,94.5,2.5403,24,666,20.2,331.29,21.32,19.1,110.94452773613193,127.98396000000001,0.2824619382538203
15.5757,0.0,18.1,0,0.58,5.926,71.0,2.9084,24,666,20.2,368.74,18.13,19.1,112.38609517381032,107.43838,0.25585917511001943
13.0751,0.0,18.1,0,0.58,5.713,56.7,2.8237,24,666,20.2,396.9,14.76,20.1,116.57622965167162,84.32388,0.26152679341998586
4.34879,0.0,18.1,0,0.58,6.167,84.0,3.0334,24,666,20.2,396.9,16.29,19.9,107.99416247770391,100.46042999999999,0.2479297862845242
4.03841,0.0,18.1,0,0.532,6.229,90.7,3.0993,24,666,20.2,395.33,12.87,19.6,106.91924867554985,80.16722999999999,0.24394408801502698
3.56868,0.0,18.1,0,0.58,6.437,75.0,2.8965,24,666,20.2,393.37,14.36,23.2,103.46434674537828,92.43532,0.25664057487488773
4.64689,0.0,18.1,0,0.614,6.98,67.6,2.5329,24,666,20.2,374.68,11.66,29.8,95.41547277936962,81.38680000000001,0.28305358204308073
8.05579,0.0,18.1,0,0.584,5.427,95.4,2.4298,24,666,20.2,352.58,18.14,13.8,122.71973466003318,98.44578,0.2915621902151729
6.39312,0.0,18.1,0,0.584,6.162,97.4,2.206,24,666,20.2,302.76,24.1,13.3,108.08179162609542,148.5042,0.3119151590767311
4.87141,0.0,18.1,0,0.614,6.484,93.6,2.3053,24,666,20.2,396.21,18.68,16.7,102.7143738433066,121.12112,0.3025443983904638
15.0234,0.0,18.1,0,0.614,5.304,97.3,2.1007,24,666,20.2,349.48,24.91,12.0,125.5656108597285,132.12264000000002,0.3225078208146548
10.233,0.0,18.1,0,0.614,6.185,96.7,2.1705,24,666,20.2,379.7,18.03,14.6,107.67987065481003,111.51555,0.31540766440624507
14.3337,0.0,18.1,0,0.614,6.229,88.0,1.9512,24,666,20.2,383.32,13.11,21.4,106.91924867554985,81.66219,0.3388452155055571
5.82401,0.0,18.1,0,0.532,6.242,64.7,3.4242,24,666,20.2,396.9,10.74,23.0,106.69657161166293,67.03908,0.22602956466705845
5.70818,0.0,18.1,0,0.532,6.75,74.9,3.3317,24,666,20.2,393.07,7.74,23.7,98.66666666666667,52.245000000000005,0.23085624581573055
5.73116,0.0,18.1,0,0.532,7.061,77.0,3.4106,24,666,20.2,395.28,7.01,25.0,94.32091771703725,49.497609999999995,0.22672652246859834
2.81838,0.0,18.1,0,0.532,5.762,40.3,4.0983,24,666,20.2,392.92,10.42,21.8,115.5848663658452,60.04004,0.19614381264343017
2.37857,0.0,18.1,0,0.583,5.871,41.9,3.724,24,666,20.2,370.73,13.34,20.6,113.43893714869698,78.31914,0.21168501270110077
3.67367,0.0,18.1,0,0.583,6.312,51.9,3.9917,24,666,20.2,388.62,10.58,21.2,105.51330798479087,66.78096000000001,0.2003325520363804
5.69175,0.0,18.1,0,0.583,6.114,79.8,3.5459,24,666,20.2,392.68,14.98,19.1,108.93032384690873,91.58772,0.21997844211267298
4.83567,0.0,18.1,0,0.583,5.905,53.2,3.1523,24,666,20.2,388.22,11.45,20.6,112.78577476714648,67.61225,0.24083038316113958
0.15086,0.0,27.74,0,0.609,5.454,92.7,1.8209,4,711,20.1,395.09,18.06,15.2,130.36303630363037,98.49923999999999,0.3544967918040342
0.18337,0.0,27.74,0,0.609,5.414,98.3,1.7554,4,711,20.1,344.05,23.97,7.0,131.32619135574438,129.77357999999998,0.3629237134354359
0.20746,0.0,27.74,0,0.609,5.093,98.0,1.8226,4,711,20.1,318.43,29.68,8.1,139.60337718437071,151.16024,0.35428328491461775
0.10574,0.0,27.74,0,0.609,5.983,98.8,1.8681,4,711,20.1,390.11,18.07,13.6,118.83670399465151,108.11281,0.3486628778633939
0.11132,0.0,27.74,0,0.609,5.983,83.5,2.1099,4,711,20.1,396.9,13.35,20.1,118.83670399465151,79.87304999999999,0.3215537477089295
0.17331,0.0,9.69,0,0.585,5.707,54.0,2.3817,6,391,19.2,396.9,12.01,21.8,68.51235325039426,68.54106999999999,0.2957092586568886
0.27957,0.0,9.69,0,0.585,5.926,42.6,2.3817,6,391,19.2,396.9,13.59,24.5,65.98042524468444,80.53434,0.2957092586568886
0.17899,0.0,9.69,0,0.585,5.67,28.8,2.7986,6,391,19.2,393.29,17.6,23.1,68.95943562610229,99.792,0.26325488337808667
0.2896,0.0,9.69,0,0.585,5.39,72.9,2.7986,6,391,19.2,396.9,21.14,19.7,72.54174397031541,113.9446,0.26325488337808667
0.26838,0.0,9.69,0,0.585,5.794,70.6,2.8927,6,391,19.2,396.9,14.1,18.3,67.48360372799448,81.69539999999999,0.2568911038610733
0.23912,0.0,9.69,0,0.585,6.019,65.3,2.4091,6,391,19.2,396.9,12.92,21.2,64.96095696959628,77.76548,0.293332551113197
0.17783,0.0,9.69,0,0.585,5.569,73.5,2.3999,6,391,19.2,395.77,15.1,17.5,70.21009157838031,84.0919,0.29412629783228916
0.22438,0.0,9.69,0,0.585,6.027,79.7,2.4982,6,391,19.2,396.9,14.33,16.8,64.87473037995686,86.36691,0.28586130009719285
0.06263,0.0,11.93,0,0.573,6.593,69.1,2.4786,1,273,21.0,391.99,9.67,22.4,41.40755346579706,63.75431,0.2874719714827804
0.04527,0.0,11.93,0,0.573,6.12,76.7,2.2875,1,273,21.0,396.9,9.08,20.6,44.6078431372549,55.5696,0.3041825095057034
0.06076,0.0,11.93,0,0.573,6.976,91.0,2.1675,1,273,21.0,396.9,5.64,23.9,39.13417431192661,39.34464,0.31570639305445936
0.10959,0.0,11.93,0,0.573,6.794,89.3,2.3889,1,273,21.0,393.45,6.48,22.0,40.18251398292611,44.02512,0.2950809997344271
0.04741,0.0,11.93,0,0.573,6.03,80.8,2.505,1,273,21.0,396.9,7.88,11.9,45.27363184079602,47.516400000000004,0.28530670470756064
